address,tx_count,total_received,total_sent,max_tx_size,avg_tx_size,net_balance_change,unique_counterparties,tx_per_day,active_days,burstiness,collateral_ratio,smart_contract_flag,high_value_ratio,counterparty_diversity,inflow_outflow_asymmetry,timing_entropy,velocity_hours,IsolationForest,OneClassSVM,LOF,Ensemble,IsolationForest_score
addr_test1qp23yv7k4kzhd2rntjamkda4q7hdn9qkrf63u9p8ce6fhwdeve3p6rsav4v5mdcz8qzcfenrlwhrs2ffk04ac44ermfq5t8ljx,2,14999.819891,10000.0,10000.0,3571.4028415714283,4999.819890999999,2,2.0,1,37845.0,0.0,0,0.0,1.0,0.1999942364704774,-0.0,0.0,1,1,1,1,0.12694871123966212
addr_test1qp5r7gm03mw08u9zkfrxvdr5phwg9n2mn90mcthpmea6kmt5tuww9mf3pzmp3nrvjm95hfju2v57w6f5d54h8eqd2wysqkvsl9,1,4999.831331,10000.0,10000.0,7499.915665500001,-5000.168669,1,1.0,1,0.0,0.0,0,0.0,1.0,-0.3333483263019232,-0.0,,1,1,1,1,0.11861012444939456
addr_test1qp6h0qzy8e5dw238qzde33tz6qtgjegdphrawy4h7uch05x889c9re4ajppf7f6u9vz2rxwjfd0epkcs7wdvfpjh5h7qvn4ck4,5,49088.950138,49257.791723,9893.494873,8195.56182175,-168.84158500000194,1,5.0,1,110518.694214876,0.0,0,0.0,0.2,-0.0017167989686799,0.6500224216483541,0.0,1,1,1,1,0.09130118005473115
addr_test1qp6ruunvywyrn2ldrxwk3h9dw254rgcwmp6g9prfjx53ntv898ykky2499xvnfn5eprxza4ctcvyvh96zhq8yn7p03lq2z8mze,2,18898.376703,18908.725657,9456.950067,9451.77559,-10.34895399999732,2,2.0,1,1463190.222222222,0.0,0,0.0,1.0,-0.0002737304197887,-0.0,0.0,1,1,1,1,0.10506634702663903
addr_test1qpfpxx2m56u7td8duem6kkcdw25kfyd0jcv7g7hwup797p5d0v7l822u4xea8zty37320uz3nwdl88agexcj9n7s986q5j40uk,12,5066.214307,5473.362987,987.380719,376.4134747857143,-407.1486800000002,4,12.0,1,250709.55555555547,0.0,0,0.0,0.3333333333333333,-0.0386304562927569,0.8112781244591328,0.0,1,1,1,1,0.09402520766410727
addr_test1qpgq2n6vpdwskfjk0uzj9askyele649ghtz8q9r9m2r07hxw6a59ugz9wl2t82g3nggzgxpz99unwe48cx8zrct66p7syxy2l0,1,8999.819891,10000.0,10000.0,3166.6366485,-1000.1801090000008,1,1.0,1,0.0,0.0,0,0.0,1.0,-0.0526415573799083,-0.0,,1,1,1,1,0.14054383516786356
addr_test1qphpmu6qm46rgvvnxfwfc8a57y4dj20x665ulr5xjaywh93s8cfm5nnkkn5kve26gvssg7wp77jnxleujwcz8xs7v29qcdvhz8,1,5.0,0.0,5.0,5.0,5.0,1,1.0,1,0.0,0.0,0,0.0,1.0,1.0,-0.0,,1,1,1,1,0.1567430778751917
addr_test1qpsxak49pveycp2phjqzr9gfmttf9dqsx5t404xq4dz4u7ja2vzlmkj7ck88c4n40ehps56gxvts9x2weqgq89gfef5snjnwz3,1,5000.0,0.0,5000.0,5000.0,5000.0,1,1.0,1,0.0,0.0,0,0.0,1.0,1.0,-0.0,,1,1,1,1,0.135923470551997
addr_test1qptu9takwxy2309end3nuu54lpw4cpxlp7lunzqd25p69g7q9hp5y0uxq0mmautdg2mzmhctm6e5h56rrqf0epdvpwwswx5u2w,1,10000.0,0.0,10000.0,10000.0,10000.0,1,1.0,1,0.0,0.0,0,0.0,1.0,1.0,-0.0,,1,1,1,1,0.1383784024238951
addr_test1qpwrzk49m733n33krd27fdzn8yecwvju80e8c5g45asj35f2deak5yydxl5pmzdg20wgsadhu87r4elkwva8y9zge0uqs44jt2,1,974.151903,979.320484,979.320484,976.7361935,-5.168581000000017,1,1.0,1,0.0,0.0,0,0.0,1.0,-0.0026458428767132,-0.0,,1,1,1,1,0.15681433377637577
addr_test1qq50sks40pnh5tkth68m3lrvzvlepaew6prl3u8u69nd3zu9rk398gms2eh8snp58c9skehndz9ps8ff5rfns7mfafnqt4qk0e,1,3.781,23.31279,23.31279,13.546895,-19.53179,2,1.0,1,0.0,0.0,1,0.0,2.0,-0.7208954524265524,-0.0,,1,1,1,1,0.09214112432510313
addr_test1qqcm62zdvt38ctv432tptaqdrdh3hl2xlp4guq893hqpu6l77qrcufvgcycrglrj4qgxzfhk723vkn46patwnngwhyrqtunqtw,2,1997.832695,1000.0,1000.0,999.277565,997.832695,2,2.0,1,484.0,0.0,0,0.0,1.0,0.3328513618069003,-0.0,0.0,1,1,1,1,0.1480512249449767
addr_test1qqdxeujed4f77u82rslna9gtsrwnxqww8f3zxz8w4uz87vwy68rhqmmahtetcv2wcvsqe0ct9h6gmd8g5nsuw38rq4sqvh9dvw,2,18629.790583,18632.125809,9316.646403,9315.479098,-2.3352259999992384,2,2.0,1,3603717.555555556,0.0,0,0.0,1.0,-6.267058235632247e-05,1.0,1.0,-1,1,-1,-1,-0.023339430537134165
addr_test1qqj4t6m7pwqn6x3hkhs9cunj62fsgj7ezt9spvxj3mne77xp2lx7h4wuk22fmwmlhtzjvysysw663sdt6h4kwjk7ksvsfg7juk,2,9690.764382,7689.081795,4683.345118,1737.9846177,2001.6825870000007,1,2.0,1,632.0987654320988,0.4,0,0.0,0.5,0.1151726296432342,1.0,0.0,1,1,1,1,0.07035912033183611
addr_test1qqkxdt3sav4cz3r5xnrsstlxzlhuzhvyd2qm6wxz0gd63ee77fl6k08e6egytyweyv8w6al94rphdc47mrdzent8gazsykeyrk,2,0.0,100.0,50.0,50.0,-100.0,3,2.0,1,0.0,1.0,0,0.0,1.5,-1.0,-0.0,,-1,-1,-1,-1,-0.010197024609113314
addr_test1qqm56vjt0wa9xj2r5hye682ps9gz3ksw75cv45fdmhktpkfffsx09epxg2f586qkf0znd963phxjs2ja9849kh8d0xnsc7mp78,4,39908.597266,39920.271238,9982.820549,9978.608563,-11.673972000004142,1,4.0,1,5068.530612244897,0.0,0,0.0,0.25,-0.000146237472969,-0.0,0.0,1,1,1,1,0.1111490994803559
addr_test1qqpe6v4c95v0jlgjm5578w3san3eycf0hcfxwpp0yafze8mxjxnr4tyryejp4kxyqu0u82wv4hx6f6pqns9dknetaqgsmzzz6e,7,312820.14283200004,312846.005954,22351.085134,14896.813066333332,-25.863121999951545,7,7.0,1,606.4973230220107,0.3333333333333333,0,0.0,1.0,-4.133693671958214e-05,-0.0,0.0,-1,1,1,1,-0.020208261261426053
addr_test1qqs88lem3gleyjj9lhhrxwj3q7uzvjyphce62pcf90wgutnl4my4md9cdrttjnk02vrmpc2av7a9vdnx600ekjrsfwvs50rr8m,4,9862.402533,9866.657378999998,9854.748194,2192.117768,-4.254845999997997,2,4.0,1,35683.1875,0.0,0,0.0,0.5,-0.0002156638997994,-0.0,0.0,1,1,1,1,0.13927836091831625
addr_test1qqtrjd6wx44xz5gkc9yl8xn6zjnzc2kns3y2tvdpmauvj2ey4t05exc5mmvkka0f75qkhw8ae9d27znqq82nqlr9x0ashdk5m0,1,8997.452941,9497.640442,9497.640442,9247.5466915,-500.18750100000034,0,1.0,1,0.0,0.0,0,0.0,0.0,-0.0270443349834477,-0.0,,1,-1,1,1,0.10889094306079122
addr_test1qqxnkqmvh6akr6jujzhw2mtf4uzf5n4a5p2drl5ha4hxqdw4pfgmdkjmu2z0rlxept3rfnha98xrmyf7v2vy5dal07wst360ex,2,700.0,0.0,400.0,350.0,700.0,1,2.0,1,0.0,0.0,0,0.0,0.5,1.0,-0.0,,1,1,1,1,0.14016509257141202
addr_test1qqynu5d8p9yc7garta6z4g34e2tlzye5ty8uy6ljmffnpnjv7ncp3yppt0gcr50u60y43x32fgadhnl35u9hfqyql2pqepxt0y,1,10000.0,0.0,10000.0,10000.0,10000.0,1,1.0,1,0.0,0.0,0,0.0,1.0,1.0,-0.0,,1,1,1,1,0.1383784024238951
addr_test1qqzllc620hkk05l5cyg38wgflrunzw70x5h6825g03gu4yyc85y96hdkqtarg95gewuezjvkw8zt530tnmglhrzccdds5vxw0m,3,10406.715854,10422.392152,6738.88139,2314.345334,-15.676297999998496,1,3.0,1,2441836.0,0.3333333333333333,0,0.0,0.3333333333333333,-0.000752614946136,1.584962500721156,0.5,1,1,1,1,0.0008694286925096106
addr_test1qr23z9axxwyh5zaj2ewqvfu6xd899tddxgasrwu35p2vgw9gvst4lcyrhmg0vtwq5g4tx25etraqj2cm6kwd8ly0eaaqwpc2hs,5,15001.47031,15033.205123,1882.498675,1877.1672145625,-31.73481299999912,3,5.0,1,49465.39555555555,0.375,0,0.0,0.6,-0.0010566058245174,-0.0,0.0,1,1,1,1,0.08535717723778463
addr_test1qr5dmng8myuymt0rrwltw5uasv8vjcqchlmstz4z3uz0z8awj3v2656xdwvnztjpm69n6072xkqjmuzqhttpa65u5dhssuht5q,1,10000.0,0.0,10000.0,10000.0,10000.0,1,1.0,1,0.0,0.0,0,0.0,1.0,1.0,-0.0,,1,1,1,1,0.1383784024238951
addr_test1qr7cxnat868zymckfjrqltzzj7fppqt7v48qak2p6g2sj06cg82zr8nkulez36wc4hwcfq3z4hdu7730798vs97njpeq93repj,1,10000.0,0.0,10000.0,10000.0,10000.0,1,1.0,1,0.0,0.0,0,0.0,1.0,1.0,-0.0,,1,1,1,1,0.1383784024238951
addr_test1qr88apxadqac8v2vnnvmpyrvk0xx9d2ra0v2urg5px0n4jvc9dhu5g4hywcenl666x9rv8t04x2sk2ddfvemsve9gums47fdsm,1,10000.0,0.0,10000.0,10000.0,10000.0,1,1.0,1,0.0,0.0,0,0.0,1.0,1.0,-0.0,,1,1,1,1,0.1383784024238951
addr_test1qr8dpq940a3eakdynmhqe0e5w97cuwmzcr57cya7elyj4leqq4t92l789cpu4xe53q5j8rve5vw86kwm20qq324qrrjq4frkla,1,0.96975,0.0,0.96975,0.96975,0.96975,1,1.0,1,0.0,0.0,0,0.0,1.0,1.0,-0.0,,1,1,1,1,0.15681955812169768
addr_test1qr92dwmyvzd42up52tx6cscu9z8tnnjw06kncruqx8x9fqs4j8jp6f3kanswkahdspqsdq0ym3dqmaygts6lxa34yyxsxl9ceu,1,9997.723866,9998.861933,9998.861933,9998.2928995,-1.1380669999998645,1,1.0,1,0.0,0.0,0,0.0,1.0,-5.691306563227296e-05,-0.0,,1,1,1,1,0.14302175594552163
addr_test1qrc7cs8cheuertfezmfpgvx29zkxsdnvkkuwv8zwpccke9fn0v303jq75nv6v9fd663jh925nkq69c3atmrm72v64mhs8xh49z,1,10000.0,0.0,10000.0,10000.0,10000.0,1,1.0,1,0.0,0.0,0,0.0,1.0,1.0,-0.0,,1,1,1,1,0.1383784024238951
addr_test1qrj4akkyph45y4ulcsj8jvsj6z8lgfppjxamj9duxahef4wvl7fp8sn9tq5w542gj772zg6qhx0m9qd4t652us2m7xdqcxt2u4,1,1.14646,0.0,1.14646,1.14646,1.14646,2,1.0,1,0.0,0.0,0,0.0,2.0,1.0,-0.0,,1,-1,1,1,0.11970955618626955
addr_test1qrj6nmj7c4lm7yafjxvzkvcf9hgqq9dp88lld7pjgnvekdvd0v7l822u4xea8zty37320uz3nwdl88agexcj9n7s986qwlg8ps,1,6.0,0.0,6.0,6.0,6.0,1,1.0,1,0.0,0.0,0,0.0,1.0,1.0,-0.0,,1,1,1,1,0.1567430778751917
addr_test1qrjwjlw94q2xx0wv9edc4zga55vnvk8hne0ppnj35489jk0045mvduz0uq4glknq2jjp9kfvnkwen3czk5ejyvyq92zqc5zdvp,10,100000.0,0.0,10000.0,10000.0,100000.0,1,10.0,1,198397.2098765432,0.0,0,0.0,0.1,1.0,1.7219280948873623,,-1,-1,-1,-1,-0.018132050377471565
addr_test1qrqp0rwtuy4as2d0gu7ezyzx85759k7wsq4u860cy6zxq740de9hgwfj472mw57psjmpevgsezv0xkcchmhn4ye9kluse5gflu,4,242.831859,75.0,75.0,52.9719765,167.831859,1,4.0,1,204577.84000000003,0.0,0,0.0,0.25,0.528052346696937,0.6500224216483541,0.0,1,1,1,1,0.12084619915390055
addr_test1qrrhnm2qjzlj3tjxugjutm46dn2urfrwjhk6t6x70m5lg9tx2u29lwmh79hdqadrshxp2akncef7yd85fhdnrx89n83sd337nr,9,168716.34490700002,169785.035367,10000.0,9402.81611872222,-1068.6904599999834,4,9.0,1,221215.52979591835,0.4444444444444444,0,0.0,0.4444444444444444,-0.0031571229019359,1.2651680569341983,0.0,1,-1,1,1,0.010436392319565113
addr_test1qrrnwdlq0sy7m9zw3kw0mxvat6almfj7ck045883tp8lxs6f5kfqjtkjgwqv93fcleg95ks8ghxl6zm03cl9ysct0auqqje3ym,1,10000.0,0.0,10000.0,10000.0,10000.0,1,1.0,1,0.0,0.0,0,0.0,1.0,1.0,-0.0,,1,1,1,1,0.1383784024238951
addr_test1qruhen60uwzpwnnr7gjs50z2v8u9zyfw6zunet4k42zrpr54mrlv55f93rs6j48wt29w90hlxt4rvpvshe55k5r9mpvqjv2wt4,170,1613838.4873360002,1614040.088706,4787.088175,4746.880258885294,-201.6013699998148,67,170.0,1,2745.316746232981,0.5,0,0.0,0.3941176470588235,-6.245630535675751e-05,1.9360083030469617,0.0,-1,-1,-1,-1,-0.1782549040424326
addr_test1qrumevq7kkyljesjhdtwuugwrf84qcfnlmuwgr9pmwpl8wdc27djcryfv4gxdyhw088dgy2v566wgq8jqyd4cw0agrdqdt3m2e,1,12.0,0.0,12.0,12.0,12.0,1,1.0,1,0.0,0.0,0,0.0,1.0,1.0,-0.0,,1,1,1,1,0.155660040950016
addr_test1qrxjgv6u2dn33nejvwxfmnqcwq9nezrpw56e9a9um4zcz84mkp0e9hzqmp3aslsvqnp5jdjdth9pz0qqxap2q696v97qsp850d,1,10000.0,0.0,10000.0,10000.0,10000.0,1,1.0,1,0.0,0.0,0,0.0,1.0,1.0,-0.0,,1,1,1,1,0.1383784024238951
addr_test1qryvvl7una3saemqjdwu22y99vuhzhr7xw2xttcvpyq6hnjuc56up2uxzajkkhdemkjdnt0yn5g7wx3va69zw4lxeuhsp8q3dl,4,11.0,0.0,5.0,2.75,11.0,1,4.0,1,1205.5555555555554,0.0,0,0.0,0.25,1.0,-0.0,,1,1,1,1,0.12751165071546783
addr_test1qz26nc7324hlhh06h80nfwcytjtu564uqtm6u8nh3p4t5988dh9fenf62rjattemwj6a6qhjge9wjsux6nu070azylaqqws8mq,2,14074.461647,14774.798633,7537.483563,7212.31507,-700.3369859999984,1,2.0,1,127008.0,0.0,0,0.0,0.5,-0.0242757346012616,-0.0,0.0,1,1,1,1,0.1311746415729958
addr_test1qz49hkts3ryrep28q56chcl0na2q2qzy54ln0ulsw37lhzy6628j0jzrkxqq4py3s8d7tuu9klkhakcfnrwrpcredgasp674m6,1,10000.0,0.0,10000.0,10000.0,10000.0,1,1.0,1,0.0,0.0,0,0.0,1.0,1.0,-0.0,,1,1,1,1,0.1383784024238951
addr_test1qz4jwtndvlxv4w6tyr24fla9luhnnsd0mlt5g9t3e4zx7wf92cnwrt0frm05f274wrdfhee4f250tk30qupudnf9nvhqmnh7cn,1,841.245524,851.420793,851.420793,846.3331585000001,-10.175268999999956,1,1.0,1,0.0,0.0,0,0.0,1.0,-0.0060113850543408,-0.0,,1,1,1,1,0.15839340922224182
addr_test1qz58xfza4s7qm2agzqghk5ahkr76ectl5ah3kyvnxnewkkw5cdds9sxqtxh5pll747354mwjnlsn3wkcrtccu0056n8s7wl96f,1,1.14646,0.0,1.14646,1.14646,1.14646,2,1.0,1,0.0,0.0,0,0.0,2.0,1.0,-0.0,,1,-1,1,1,0.11970955618626955
addr_test1qz9jfhecgrlw4yw8wknddnnpw2ah0t3n967zz9ffrssl3pdct9f58ux0fyazdlzgl3vuua05dcqnengw4vm6n0cxl4fq47fdde,1,6.852757,10.0,5.0,4.21318925,-3.1472430000000005,2,1.0,1,0.0,0.5,0,0.0,2.0,-0.1867494440227198,-0.0,,1,-1,1,1,0.0702010245710073
addr_test1qz9z9ulm4z5nqvmz0g9qs6hv7z6zqgz8fla6ggvkqxkv9et6jn2qx8lw5ag55yd5z4d5ltw8ru4xflel9pfs9c09k2rs8zdpqk,1,1000.0,0.0,1000.0,1000.0,1000.0,1,1.0,1,0.0,0.0,0,0.0,1.0,1.0,-0.0,,1,1,1,1,0.14528399471150122
addr_test1qzjlvcktfaxlwkc2vjw88mvxdm8dreejklxe34dea64efkal3yq6fxf0xa3nyxfrjcszcddjcyc8fv6q4dj2hxhed9kssca2ee,3,345.0,0.0,321.0,115.0,345.0,1,3.0,1,8357881.0,0.0,0,0.0,0.3333333333333333,1.0,0.9182958340544896,,1,1,-1,1,0.012094560002751109
addr_test1qzkgz6nnr7na88fjuj2t7meyuvr5dtjt459e0ltc72z9p0tcjnf37v8r0z0vkrf0h76vlvxa2464k8cjpzekewlk7ppqjl46kp,1,10000.0,0.0,10000.0,10000.0,10000.0,1,1.0,1,0.0,0.0,0,0.0,1.0,1.0,-0.0,,1,1,1,1,0.1383784024238951
addr_test1qzqq4tw0zma4q7ghx45uezt4pzkfgu86zd6swhnlr9f4jkf7wpxhx9vkuae835jm95yxhm2qhjkp5kzdynh36gl37dkqnz203d,2,19999.831507,10000.0,10000.0,7499.95787675,9999.831507,1,2.0,1,2640.222222222222,0.0,0,0.0,0.5,0.3333295890234147,-0.0,0.0,1,1,1,1,0.11194685800680193
addr_test1qzuj54degd86nn0fmn7melfuc8jln6zsug9knw06jdatgyu2m4n8ptzy49y25r6pe677yfgyrskvayeg4t7q4q25stwsu5cvm9,1,1.0,0.0,1.0,1.0,1.0,1,1.0,1,0.0,0.0,0,0.0,1.0,1.0,-0.0,,1,1,1,1,0.15681955812169768
addr_test1qzvsq8gc7xkr7tj07xt5l904fx0g8vzlpa8dke642k72s07rvgpva40ylulzvweu2yhhhmfsdyvp0ev82hfltn5azjcqy2hd4a,1,9997.827943,10000.0,10000.0,9998.9139715,-2.172056999999768,0,1.0,1,0.0,0.0,0,0.0,0.0,-0.00010861464586,-0.0,,1,1,1,1,0.11291843502834431
addr_test1qzyp52q023yfcvrj902k2hs9gn258ddnsrcg3p540vy7ldd7h569fuf63k3lj4frpp6c9mv0eegedj5qjffyc44qezuseuuy9y,1,5000.0,0.0,5000.0,5000.0,5000.0,1,1.0,1,0.0,0.0,0,0.0,1.0,1.0,-0.0,,1,1,1,1,0.135923470551997
addr_test1qzz5gfc0dmrqeya5wyf30gpr0g4ldhxwwxuhh0mv7n489j4jsgj6cajkxp5huugd5nvtfch2cpke8y25usqrxee0ez3q926uzr,1,7.490852,12.362441,7.362441,4.96332325,-4.871589,1,1.0,1,0.0,0.25,0,0.0,1.0,-0.2453793937358402,-0.0,,1,1,1,1,0.12319397777954727
addr_test1vpy494af9z9th4anvcjnp8pxfsyfmkakqshaw6v784qph9qtutwc9,140,481577.360642,481850.526352,1774.753148,1720.4069410607142,-273.16571000003023,2,140.0,1,2504.606033646846,0.5,0,0.0,0.0142857142857142,-0.0002835351910482,1.9806945621946903,0.0,-1,1,-1,-1,-0.09597138728743204
addr_test1vqeux7xwusdju9dvsj8h7mca9aup2k439kfmwy773xxc2hcu7zy99,23,0.0,230004.6000000001,10000.2,10000.2,-230004.6000000001,14,23.0,1,145360.3305785124,0.0,0,0.0,0.6086956521739131,-1.0,1.7712589600219495,,-1,-1,-1,-1,-0.09326349121905941
addr_test1vryumtuh5u0zkk3e7cvv4f568umz5xrt8077cz5ehemjzzcu0edde,2,10001.0,0.0,10000.0,5000.5,10001.0,2,2.0,1,0.0,0.0,0,0.0,1.0,1.0,-0.0,,1,1,1,1,0.11160652527765608
addr_test1wp0gzp4v5r2zhskqutftc2v8pge7yjkuhhxgdrmfpwv0h8q8wncs6,6,9.0,9.0,3.0,3.0,0.0,6,6.0,1,4445744.960000001,0.0,1,0.0,1.0,0.0,1.584962500721156,1.0,1,1,1,1,0.136280292014949
addr_test1wp0zd2jtjvkk2evq59hpqqjztvaffpwd7tm3lscre927zxg36etun,6,9.0,9.0,3.0,3.0,0.0,6,6.0,1,4387945.6,0.0,1,0.0,1.0,0.0,1.584962500721156,1.0,1,1,1,1,0.14154118692053103
addr_test1wp4y7k88m8mekc0hlcd6z0jgwn8fssy3axhapz74xgeu5hsdzcpdu,6,9.0,9.0,3.0,3.0,0.0,6,6.0,1,4406466.64,0.0,1,0.0,1.0,0.0,1.584962500721156,1.0,1,1,1,1,0.14164290243966365
addr_test1wp5ty7h0nlt3v5dhd647dx2rvapesghgxarjwyv2xh4dmhq9atx32,4,6.0,12.0,3.0,3.0,-6.0,6,4.0,1,3016774.56,0.0,1,0.0,1.5,-0.3333333333333333,1.0,1.0,1,1,1,1,0.10194939734058622
addr_test1wp7pw67qhvud2j0q5u0yams975wmx8shxreau235ugwzm4s3830m9,35,0.0,2350.3421299999995,69.05051,29.75116620253165,-2350.3421299999995,14,35.0,1,90754.30966469429,0.0,1,0.0,0.4,-1.0,1.8327376787990588,,1,1,1,1,0.036662114767612164
addr_test1wp82uw2sqcwf3rzkww2mm5g5sj226els624jw6gzpvj5nggymcl22,6,144.0,144.0,3.0,3.0,0.0,6,6.0,1,383122.2393351802,0.0,1,0.0,1.0,0.0,1.584962500721156,1.0,1,1,1,1,0.08046478296468812
addr_test1wp867cwenl586mcuft35d7qy56ucyjqg5pqy00vyd7c75hcq7cn8u,28,84.0,84.0,6.0,6.0,0.0,6,28.0,1,159512.46913580247,0.0,1,0.0,0.2142857142857142,0.0,1.931560284283316,0.0,1,1,1,1,0.13843379430369462
addr_test1wpcyj0yjzsp9qawt2esgea5efjdd029fzcp9qprf666jzfqt9cr4e,2,9.0,5.0,5.0,4.666666666666667,4.0,2,2.0,1,9025.0,0.0,1,0.0,1.0,0.2857142857142857,-0.0,0.0,1,1,1,1,0.14675594164035788
addr_test1wpe5ghttuandwx2v5vukd8art24pj6g2fwtny64xl9dnp2cz7jgu0,6,9.0,9.0,3.0,3.0,0.0,6,6.0,1,3644369.84,0.0,1,0.0,1.0,0.0,1.584962500721156,1.0,1,1,1,1,0.13299576887175912
addr_test1wpeecpsjvtfu4uumvcpksn0fg3tje23y8jq8l2l4a8d7e8se7eryj,4,6.0,6.0,3.0,3.0,0.0,6,4.0,1,4103174.2222222234,0.0,1,0.0,1.5,0.0,1.0,1.0,1,1,1,1,0.11662660818050274
addr_test1wperr0p4kc9w7mwlf23037xq5wz3y8hmfntptv6jy56fmvq50espl,6,9.0,9.0,3.0,3.0,0.0,6,6.0,1,4406466.64,0.0,1,0.0,1.0,0.0,1.584962500721156,1.0,1,1,1,1,0.14164290243966365
addr_test1wpex0tw5j299xkwa0teknpzwlj4eqz62q5fjljyngwdvxlqw4eqmt,4,6.0,6.0,3.0,3.0,0.0,6,4.0,1,4424331.555555556,0.0,1,0.0,1.5,0.0,1.0,1.0,1,-1,1,1,0.099570115004388
addr_test1wpgexmeunzsykesf42d4eqet5yvzeap6trjnflxqtkcf66g0kpnxt,140,0.0,4822.9762,34.44983,34.44983,-4822.9762,2,140.0,1,4369.574970239635,0.0,1,0.0,0.0142857142857142,-1.0,1.9806945621946903,,-1,1,-1,-1,-0.0195741447039961
addr_test1wpjv7a9cse3k4pd44c0lc42yenmcyzaqtgr3rs9xu8l2v6sn24smp,4,12.0,12.0,6.0,6.0,0.0,6,4.0,1,4111482.888888888,0.0,1,0.0,1.5,0.0,1.0,0.0,1,1,1,1,0.12879493545708331
addr_test1wpmae9vv3d5757y6lgfy5z7qk9du8teqhvd7xl53ftuzmjcllkwrs,26,39.0,39.0,3.0,3.0,0.0,6,26.0,1,178090.6496,0.0,1,0.0,0.2307692307692307,0.0,1.95006375643621,0.0,1,1,1,1,0.14094976007459775
addr_test1wpmcnpr36xjk7exddlg3pcypc8u3hykvzjz0yjq2ldypjzs630u48,28,35205095.291142,35205095.291142,2514649.663653,2514649.663653,0.0,6,28.0,1,157933.9259259259,0.0,1,1.0,0.2142857142857142,0.0,1.9852281360342516,0.0,-1,-1,-1,-1,-0.25937627785080986
addr_test1wpr4hzrfgp3rj448fkw7qk2yjq5ymxyqt3mcdjkzz6vp55g3h542j,4,60.0,60.0,3.0,3.0,0.0,6,4.0,1,456022.54437869845,0.0,1,0.0,1.5,0.0,1.0,1.0,1,1,1,1,0.08594977005358295
addr_test1wpu3cx4qn4kcukgqmcwraqsxvrpyza4afnvty04jxseudfcnn9eke,6,18.0,18.0,6.0,6.0,0.0,6,6.0,1,4335809.84,0.0,1,0.0,1.0,0.0,1.584962500721156,0.0,1,1,1,1,0.14601663655821856
addr_test1wpxs63au9yehzl8uhwkyjt84zhrf9slaflhhnvjtg7ukhks8sxm0t,28,42.0,42.0,3.0,3.0,0.0,6,28.0,1,142878.88340192044,0.0,1,0.0,0.2142857142857142,0.0,1.924174352300441,0.0,1,1,1,1,0.14776940873615596
addr_test1wq0fhqgpnxem4csqd4wqpewy39345zg9x7ve2wx5uh3c8zqtscmux,2,3.0,6.0,3.0,3.0,-3.0,6,2.0,1,702.25,0.0,1,0.0,3.0,-0.3333333333333333,-0.0,,1,1,1,1,0.08737758745700869
addr_test1wq2wz32lpptwv8u4lmprhjxzp5d5ytawg9du286tfj3t9rsz7rh20,6,9.0,18.0,3.0,3.0,-9.0,6,6.0,1,3485902.4375,0.0,1,0.0,1.0,-0.3333333333333333,1.584962500721156,1.0,1,1,1,1,0.12335134586433316
addr_test1wq4xzlt0pv9dnc6zqpn46fksmqwkj9v5zqpezcr4e53d96q5d66g4,6,36.0,36.0,3.0,3.0,0.0,6,6.0,1,1479902.4877126657,0.0,1,0.0,1.0,0.0,1.584962500721156,1.0,1,1,1,1,0.11046068795364666
addr_test1wq56fh9yhketc88zpc9z4ca3k8wdv0yr5hjezw6lgauuttc8786r9,2,6.0,6.0,6.0,6.0,0.0,6,2.0,1,0.0,0.0,1,0.0,3.0,0.0,-0.0,0.0,1,1,1,1,0.097107926054881
addr_test1wq5ue9d95z4cjhs4msf8vd54fa4xz7y90xjh3vq9u7nce0c35xlrs,2,3.0,3.0,3.0,3.0,0.0,6,2.0,1,0.0,0.0,1,0.0,3.0,0.0,-0.0,,1,1,1,1,0.10598355940165272
addr_test1wq6mp7qks38uptyzxxtlk0pth8mnmyp3h7je6fsxva47qgs2h0a28,4,5.0,15.0,5.0,5.0,-10.0,3,4.0,1,144089.5555555556,0.0,1,0.0,0.75,-0.5,-0.0,0.0,1,1,1,1,0.13070998775782544
addr_test1wq8xga0gmzpcm8v3q2l4s5fmx5u0eur8fdz7dvqhldz0lng249f0d,147,1991.4355,2013.30875,1.63349,1.5967879784688996,-21.8732500000001,9,147.0,1,633.8137023275394,0.0,1,0.0,0.0612244897959183,-0.0054618344230096,1.983738310338233,0.0,-1,-1,-1,-1,-0.007824858232586718
addr_test1wq9ry3j4j3nuq788xamnkkmsnkv8pp4umnz7gxcv4746puc3uj3ce,6,9.0,9.0,3.0,3.0,0.0,6,6.0,1,3644369.84,0.0,1,0.0,1.0,0.0,1.584962500721156,1.0,1,1,1,1,0.13299576887175912
addr_test1wqagte6fw0fzvqttky8nngq3xuyg26hjgsyvd8hfs060wvq0t48ka,4,6.0,6.0,3.0,3.0,0.0,6,4.0,1,4111482.888888888,0.0,1,0.0,1.5,0.0,1.0,1.0,1,1,1,1,0.11752270681935734
addr_test1wqfwyq6csgtlfadwj8ezw6my4x2j7qrw8j30m33z6pvefdscdqgmj,6,18.0,18.0,6.0,6.0,0.0,6,6.0,1,3644369.84,0.0,1,0.0,1.0,0.0,1.584962500721156,0.0,1,1,1,1,0.14578811883134962
addr_test1wqh4yha0ndhwykrh9cuhr47nh2y97zvkls74h4jq6uhlpacujv3z3,28,42.0,42.0,3.0,3.0,0.0,6,28.0,1,159512.46913580247,0.0,1,0.0,0.2142857142857142,0.0,1.931560284283316,0.0,1,1,1,1,0.14791442057232057
addr_test1wqjgfxlh64s7589jeakme3j56zezcgv0nvqf2pyx9tnd0scaw5e8p,28,42.0,42.0,3.0,3.0,0.0,6,28.0,1,159512.46913580247,0.0,1,0.0,0.2142857142857142,0.0,1.931560284283316,0.0,1,1,1,1,0.14791442057232057
addr_test1wqmffm22h5qlr5rw50ksdqr9c56yj3jxa00h40pqqurs36cgzwxgp,6,9.0,9.0,3.0,3.0,0.0,6,6.0,1,4378132.24,0.0,1,0.0,1.0,0.0,1.584962500721156,1.0,1,1,1,1,0.14245957673291448
addr_test1wqnz6yeq5scgwaxgmuyz0f3am7exfspw6g24gyzguf67wuglkf6n8,4,30.0,30.0,15.0,15.0,0.0,6,4.0,1,4103174.2222222234,0.0,1,0.0,1.5,0.0,1.0,0.0,1,1,1,1,0.1248332945955104
addr_test1wqpkspjhdfz37vtd8g6yvkt6jqqpew0p49gua93j33a7tjsqrsf9k,26,78.0,78.0,6.0,6.0,0.0,6,26.0,1,178090.6496,0.0,1,0.0,0.2307692307692307,0.0,1.95006375643621,0.0,1,1,1,1,0.1341806325156521
addr_test1wqt2v8zcpjldyu2zcwz3yuu8p4wpk0hzaqwthh23qgs5xgg7266qn,35,42.0,105.0,3.0,3.0,-63.0,12,35.0,1,111813.94748263888,0.0,1,0.0,0.3428571428571428,-0.4285714285714285,1.9181244574395229,0.0,1,1,1,1,0.09844747202259357
addr_test1wquaytcc6ug4zku26z0lwg2p3rr3n84m6cu5ym003340nvswytdsn,4,6.0,12.0,3.0,3.0,-6.0,6,4.0,1,2972321.2,0.0,1,0.0,1.5,-0.3333333333333333,1.0,1.0,1,1,1,1,0.10267303266232469
addr_test1wqx8zmxzh6xxpch9zapf60azwm5ze9fsfa7e3ea6vjuzm2ctgrjju,33,60.0,60.0,3.0,3.0,0.0,10,33.0,1,144437.5976331361,0.0,1,0.0,0.303030303030303,0.0,1.7609640474436812,0.0,1,1,1,1,0.12101645954286633
addr_test1wqzdedqpy2ljhf70dw89p399z836dvmgs7sn6qyr0gndu7gp9k7en,3,18.0,18.0,6.0,6.0,0.0,1,3.0,1,3125877.7600000007,0.0,1,0.0,0.3333333333333333,0.0,1.584962500721156,0.5,1,1,1,1,0.07696093462180276
addr_test1wqzsngca2uu8z8lk0hudfkw300cllua300r3exeeax70xcq4k9hyu,2,0.0,2003.0,1002.0,1001.5,-2003.0,1,2.0,1,0.0,0.0,1,0.0,0.5,-1.0,1.0,,1,1,1,1,0.049204056774789506
addr_test1wqzuhlst26gyd3z4nqglyxf5tp06w06ejwmkdys9d003rpg2s0tua,1,2.0,0.0,2.0,2.0,2.0,1,1.0,1,0.0,0.0,1,0.0,1.0,1.0,-0.0,,1,1,1,1,0.1313673205320286
addr_test1wqzwpaeqty24g73cnp6h7qyvm68hht5dxsvpnsus0tprv4gceyth2,6,9.0,18.0,3.0,3.0,-9.0,6,6.0,1,3457780.609375,0.0,1,0.0,1.0,-0.3333333333333333,1.584962500721156,1.0,1,1,1,1,0.12535255642034182
addr_test1wr4c5ruvn9ss5r4davqh8nf964c8t2hu7kl8cqmxt42hdwqhuqp46,6,153.0,153.0,51.0,51.0,0.0,6,6.0,1,4387945.6,0.0,1,0.0,1.0,0.0,1.584962500721156,0.0,1,1,1,1,0.09652860379805944
addr_test1wr58mfjzx6x8ew7erz64dlr4uw7hupjvqrn5epurq3tedrgqzssx5,4,66.0,66.0,33.0,33.0,0.0,6,4.0,1,3984846.0,0.0,1,0.0,1.5,0.0,1.0,0.0,1,1,1,1,0.1072853649889095
addr_test1wr5y0f3f6rjh5w9ynjphaf6j79c5tg3xnywzgzw93rnf2jqgmf0mh,4,6.0,12.0,3.0,3.0,-6.0,6,4.0,1,2896203.84,0.0,1,0.0,1.5,-0.3333333333333333,1.0,1.0,1,1,1,1,0.0959114584054615
addr_test1wr62e0vzmj9mj7qapaecc0yjyk0rgp9yutyqa5qc29xdkzctrz3qn,4,6.0,6.0,3.0,3.0,0.0,6,4.0,1,3984846.0,0.0,1,0.0,1.5,0.0,1.0,1.0,1,1,1,1,0.1110672097270351
addr_test1wr78sqd8ltkjl4t375cv9d5kv8psssd8wk2qct3qm7lu6nccg6nke,6,9.0,9.0,3.0,3.0,0.0,6,6.0,1,4459405.6,0.0,1,0.0,1.0,0.0,1.584962500721156,1.0,1,-1,1,1,0.13685211806818542
addr_test1wr8s48slcgnz44uv2yvu6am5y0zvk93lffw80gnl9ns64tsdqedsl,6,9.0,18.0,3.0,3.0,-9.0,6,6.0,1,3472307.359375,0.0,1,0.0,1.0,-0.3333333333333333,1.584962500721156,1.0,1,1,1,1,0.12516891204478925
addr_test1wrdk050fs7r9537m9wxfnqzmjsxnmud5v8le6vjh6k5jhvchuyj76,28,42.0,84.0,3.0,3.0,-42.0,6,28.0,1,143044.53063652586,0.0,1,0.0,0.2142857142857142,-0.3333333333333333,1.9852281360342516,0.0,1,1,1,1,0.13110998947019464
addr_test1wrem0cch36ywuyfmf9zlmh0keayhw4txnkf0nsav4kmt2hsg4whlw,4,6.0,12.0,3.0,3.0,-6.0,6,4.0,1,3210798.64,0.0,1,0.0,1.5,-0.3333333333333333,1.0,1.0,1,1,1,1,0.09202372765697808
addr_test1wrgqt57hqa04uy928n5lgqdfllwr6fd9a5a0wjxf87e6g6g0d7ecm,6,9.0,9.0,3.0,3.0,0.0,6,6.0,1,4335809.84,0.0,1,0.0,1.0,0.0,1.584962500721156,1.0,1,1,1,1,0.13793430843369497
addr_test1wrhgfy9xkftac320syvujslc9t9za2hevxecmvj050ntxwqdz596n,7,9.87421,1.40937,1.41799,1.4104475,8.464840000000002,7,7.0,1,1185.1020408163265,0.0,1,0.0,1.0,0.7501909854851033,-0.0,0.0,1,1,1,1,0.1045913955109452
addr_test1wrjarvxfuj82nqz3r65rg3plnn8z4l7wy2jjxtwfr5wcyucu0a447,3,0.0,15.0,5.0,5.0,-15.0,3,3.0,1,174306.25,0.0,1,0.0,1.0,-1.0,-0.0,,1,1,1,1,0.10127013313648708
addr_test1wrpjqever8rezsvkc05cew572uw6w0wakk6caupycp4kf5g2zalzc,4,6.930479999999999,5.180619999999999,1.74986,1.730157142857143,1.74986,2,4.0,1,37411.333333333336,0.0,1,0.0,0.5,0.1444839857651245,-0.0,0.0,1,1,1,1,0.14113501549070284
addr_test1wrrx9y5xzuumqxsk2q9l2qwusdfuj23c3ctqxf2dhw5q9hgcyg2d0,6,45.0,45.0,15.0,15.0,0.0,6,6.0,1,4445744.960000001,0.0,1,0.0,1.0,0.0,1.584962500721156,0.0,1,1,1,1,0.1315590328630828
addr_test1wrswzjuscfnne4wqpuqpckpvjehj9m344sy886kttgwq2wc8g2xa8,28,84.0,84.0,6.0,6.0,0.0,6,28.0,1,142878.88340192044,0.0,1,0.0,0.2142857142857142,0.0,1.924174352300441,0.0,1,1,1,1,0.13824924749884404
addr_test1wrsx6gftxpsy90esyks0ddjd4636g2v5a63t47ztzrd2r3cfekl8s,4,30.0,30.0,15.0,15.0,0.0,6,4.0,1,4424331.555555556,0.0,1,0.0,1.5,0.0,1.0,0.0,1,1,1,1,0.11779837695191742
addr_test1wru93xpnc6v2svsq79kyyegj0mv4mdl83sdtp8dgtu9y78smvhuhs,2,1321.953795,1325.875581,663.918237,661.957344,-3.921786000000111,3,2.0,1,61016.8888888889,0.0,0,0.0,1.5,-0.0014811324458997,-0.0,0.0,1,1,1,1,0.1314894883491195
addr_test1wrumn0zm9c858kghqrzjhhv555rgzt9hzje3sksh2e7ggaqewfxd4,5,50.0,30.0,10.0,10.0,20.0,4,5.0,1,746951.9591836735,0.0,1,0.0,0.8,0.25,0.5435644431995964,0.0,1,1,1,1,0.12365034358128135
addr_test1wrxqwmj2twfn5rtp6w4cvkehk0ucnkeklggcfpz76ktrsdsx47pvl,28,42.0,42.0,3.0,3.0,0.0,6,28.0,1,157933.9259259259,0.0,1,0.0,0.2142857142857142,0.0,1.9852281360342516,0.0,1,1,1,1,0.143059096823751
addr_test1wz05ca0ksvk9q2jmacy7m28n9qnfelh3h68cw0s60w5nhwgwu6d9y,28,42.0,42.0,3.0,3.0,0.0,6,28.0,1,142878.88340192044,0.0,1,0.0,0.2142857142857142,0.0,1.924174352300441,0.0,1,1,1,1,0.14776940873615596
addr_test1wz0ts5l5c7d56ymeg0w8d5ugvr2rrtc8rux36qal8nmttkcvun065,6,18.0,18.0,6.0,6.0,0.0,6,6.0,1,4459405.6,0.0,1,0.0,1.0,0.0,1.584962500721156,0.0,1,1,1,1,0.14577004027043455
addr_test1wz46tk8vdvlq6a5cccgysw7nfw4r0frnxdmkhyxaxgxal0guru5sm,2,20.0,0.0,10.0,10.0,20.0,2,2.0,1,0.0,0.0,1,0.0,1.0,1.0,-0.0,,1,1,1,1,0.1244891570845929
addr_test1wz4ydpqxpstg453xlr6v3elpg578ussvk8ezunkj62p9wjq7uw9zq,4,24.0,24.0,3.0,3.0,0.0,6,4.0,1,1160912.6222222222,0.0,1,0.0,1.5,0.0,1.0,1.0,1,1,1,1,0.10730206712115631
addr_test1wz6sedftk7l7x8yj650hwsvfkksejwjrvllfwfqq33jx8xqq34k2n,33,39.0,99.0,3.0,3.0,-60.0,10,33.0,1,134519.7066666667,0.0,1,0.0,0.303030303030303,-0.4347826086956521,1.924673368630172,0.0,1,1,1,1,0.11451911443626384
addr_test1wz6t5wlw4u2tzjt3u3syqf72t98gl5247rxm7xk6nj7n39ql4j96k,4,6.0,6.0,3.0,3.0,0.0,6,4.0,1,4111482.888888888,0.0,1,0.0,1.5,0.0,1.0,1.0,1,1,1,1,0.11752270681935734
addr_test1wz7r6jckeamgmk7md4583v8ztzyn9as8jfa0f8up3cgm0pcfc2qk5,6,9.0,18.0,3.0,3.0,-9.0,6,6.0,1,3450337.609375,0.0,1,0.0,1.0,-0.3333333333333333,1.584962500721156,1.0,1,1,1,1,0.12501253738586904
addr_test1wz7ueqtqrz4kqfep99d8z7wwjwfu52md2k9hljvuj4w08yc3mjw6u,2,3.0,3.0,3.0,3.0,0.0,6,2.0,1,0.0,0.0,1,0.0,3.0,0.0,-0.0,,1,1,1,1,0.10598355940165272
addr_test1wz808v50lg7hecd9x2h2jauzl7dj40klzstwawh9ugavuzqklrl2s,6,9.0,9.0,3.0,3.0,0.0,6,6.0,1,4459405.6,0.0,1,0.0,1.0,0.0,1.584962500721156,1.0,1,-1,1,1,0.13685211806818542
addr_test1wzahpwnwnme6ch40xhsz6mqpvpuklua3zumjmvd6rad079cw824v4,6,18.0,18.0,6.0,6.0,0.0,6,6.0,1,4406466.64,0.0,1,0.0,1.0,0.0,1.584962500721156,0.0,1,1,1,1,0.14767628042423508
addr_test1wzc8m27kmthnelxvaa8fr23eu452nckvpnj233czpxwfv9qpj2rm6,6,9.0,18.0,3.0,3.0,-9.0,6,6.0,1,3433737.734375,0.0,1,0.0,1.0,-0.3333333333333333,1.584962500721156,1.0,1,1,1,1,0.12022281570331261
addr_test1wzccrw3f4n7qavr67uvupxm4jd46uv0f9evgzpytlwz4zgq6sfuv9,177,0.0,599.94488,5.15476,3.26057,-599.94488,70,177.0,1,7012.343694944609,0.0,1,0.0,0.3954802259887006,-1.0,1.9470895408722453,,-1,-1,-1,-1,-0.0973515954373334
addr_test1wzdk0xh4d79x3m8rjflefmfqq0975pqu02zcxlea2xdamfsq2k43m,6,9.0,18.0,3.0,3.0,-9.0,6,6.0,1,2873687.984375,0.0,1,0.0,1.0,-0.3333333333333333,1.584962500721156,1.0,1,1,1,1,0.10254133319112019
addr_test1wzdxcp8m35jaap2ltwpz7pqdgku4lfm48akt57g779yajtgywjwm2,1,5.0,0.0,5.0,5.0,5.0,1,1.0,1,0.0,0.0,1,0.0,1.0,1.0,-0.0,,1,1,1,1,0.13154309914918666
addr_test1wzjwvgn5k3m9ekmrceh6c0azywhh3d8l5jq09tpm7cwp0es5ksry9,142,0.0,6831.793929999999,42.99225,16.227539026128266,-6831.793929999999,58,142.0,1,4696.972851473924,0.0,1,0.0,0.4084507042253521,-1.0,1.9349246788728385,,-1,1,-1,-1,-0.08232421060675088
addr_test1wzkw2yk6ffmd5ugx8uprpf2ujxx2at5kkptpkt5yzwu2twq6mqjur,4,6.8615200000000005,5.1289,1.73262,1.7129171428571428,1.7326200000000007,1,4.0,1,732666.8055555556,0.0,1,0.0,0.25,0.1445003594536305,1.3787834934861751,0.0,1,1,1,1,0.13176258810632568
addr_test1wzmevtuvx4ywk7hv844ps85v9uq7jjchkpae076hhh6dtjg2wdx9w,6,9.0,9.0,3.0,3.0,0.0,6,6.0,1,4378132.24,0.0,1,0.0,1.0,0.0,1.584962500721156,1.0,1,1,1,1,0.14245957673291448
addr_test1wzngjz9t8f5cvgclxj6ve3vfj0tjuf4dmynyfx6cwf4m9es34vmlk,6,18.0,18.0,6.0,6.0,0.0,6,6.0,1,4378132.24,0.0,1,0.0,1.0,0.0,1.584962500721156,0.0,1,1,1,1,0.14871739825975988
addr_test1wznh7wflxy0m28ny6anvu3kgtd4s8v9w0vzu9affzqd3xssppnguc,6,9.0,18.0,3.0,3.0,-9.0,6,6.0,1,3510655.609375,0.0,1,0.0,1.0,-0.3333333333333333,1.584962500721156,1.0,1,1,1,1,0.11813745513394669
addr_test1wzwhp7acq658tg05mfnuqr060f3a3c4gp5tejydyjj77yxcc9n9zj,28,42.0,84.0,3.0,3.0,-42.0,6,28.0,1,146151.17311124332,0.0,1,0.0,0.2142857142857142,-0.3333333333333333,1.9307421205802224,0.0,1,1,1,1,0.1353468615141707
addr_test1wzyurx5m64r0k9q789qnrz2x8sl7g4anum0ezf5l5u7zalg6ydplp,4,24.0,24.0,3.0,3.0,0.0,6,4.0,1,1255666.1155555565,0.0,1,0.0,1.5,0.0,1.0,1.0,1,1,1,1,0.10776087661664924
addr_test1wzzv7v5slyrs4gkgr793ak4upmhs4xrk00f48s3vd4rlplctm5aak,6,9.0,9.0,3.0,3.0,0.0,6,6.0,1,4335809.84,0.0,1,0.0,1.0,0.0,1.584962500721156,1.0,1,1,1,1,0.13793430843369497
addr_test1xp3g6ayyt3e0m9w3jtxr84mf877nhqh4snt2g7ww43yf6lx4w8kmdszpx27e3wpawvkcqcrhrl9ra09stpe8ahtznzesm8x8rk,4,2013800.21031,2013798.35031,1006898.09546,503449.8200775,1.8599999998696148,2,4.0,1,38137.10204081632,0.0,0,0.5,0.5,4.618136519502804e-07,-0.0,0.0,-1,-1,-1,-1,-0.16417935400228412
addr_test1xz429ta7d8akqvk6rtkavja8kshy4m3dplm2sgx60rp0fk3pmuk902u7lh609tzz54f32s49s5uf6sphu2zer00a2k4qkq40f9,2,5099.778061,5098.327215,2550.265008,2549.526319,1.4508459999997283,2,2.0,1,102453.55555555556,0.0,0,0.0,1.0,0.000142266230906,-0.0,0.0,1,1,1,1,0.149336072378567
addr_test1zpt24v32hpd88w3l0wmwg3mhs9lm5dzrnn0d22n6seznmjy9rk398gms2eh8snp58c9skehndz9ps8ff5rfns7mfafnqf5lz9g,8,42.0,5.0,12.0,5.875,37.0,3,8.0,1,530371.9183673469,0.0,1,0.0,0.375,0.7872340425531915,0.8112781244591328,0.2857142857142857,1,1,1,1,0.07558281689531399
addr_test1zqudngxpumflu6gh45hw3tkeuzeq3vmgvr25f6y60t7n0rhvt20ehwqu594stgx7mw6855w20cxsnt5g5r7zy8j5nnuqlh5wkk,28,35205053.291141994,35205053.291141994,628661.665914,628661.6659132501,0.0,6,28.0,1,70373.99366934504,0.0,1,1.0,0.2142857142857142,0.0,1.9852281360342516,0.0,-1,-1,-1,-1,-0.193774607010199
